program_id,university_id,program_name,field_of_study,degree_level,duration_years,study_mode,language_of_instruction,tuition_fee,tuition_currency,tuition_period,tuition_academic_year,tuition_student_scope,tuition_source_url,tuition_last_verified_at,tuition_note,minimum_gpa,gpa_scale,ielts_requirement,toefl_requirement,intake,application_deadline,program_url,collected_at,last_verified_at,freshness_status
prog_my_001,uni_my_001,Bachelor of Computer Science (Software Engineering),Software Engineering,Bachelor,3.5,Full-time,Unknown,89200,MYR,Programme,,International,https://study.um.edu.my/bachelor-of-computer-science-software-engineering,2026-08-20,International total programme fee; excludes 6% SST.,,,5.5,46,"[""October""]",,https://study.um.edu.my/bachelor-of-computer-science-software-engineering,2026-08-20,2026-08-20,current
prog_my_002,uni_my_001,Bachelor of Computer Science (Computer System and Network),Computer System and Network,Bachelor,3.5,Full-time,Unknown,89200,MYR,Programme,,International,https://study.um.edu.my/bachelor-of-computer-science-computer-system-and-network,2026-08-20,International total programme fee; excludes 6% SST.,,,5.5,46,"[""October"", ""March""]",,https://study.um.edu.my/bachelor-of-computer-science-computer-system-and-network,2026-08-20,2026-08-20,current
prog_my_003,uni_my_001,Bachelor of Computer Science (Data Science),Data Science,Bachelor,3.5,Full-time,Unknown,,,,,,,,Official programme page lists international tuition as Not Available and international English requirement as N/A. Review international eligibility before final import.,,,,,"[""October""]",,https://study.um.edu.my/bachelor-of-computer-science-data-science,2026-08-20,2026-08-20,current
prog_my_004,uni_my_002,Bachelor of Computer Science with Honours,Computer Science,Bachelor,3.5,Full-time,Bahasa Melayu,,,,,,,,,,,,,"[""September""]",2026-07-20,https://www.ukm.my/studyukm/computer-science-bachelors-hons/,2026-08-20,2026-08-20,current
prog_my_005,uni_my_002,Bachelor of Information Technology with Honours,Information Technology,Bachelor,3.5,Full-time,Bahasa Melayu,67500,MYR,Programme,,International,https://www.ukm.my/studyukm/bachelor-of-information-technology-with-honours/,2026-08-20,Official UKM international total fee.,,,,,"[""September""]",2026-07-20,https://www.ukm.my/studyukm/bachelor-of-information-technology-with-honours/,2026-08-20,2026-08-20,current
prog_my_006,uni_my_002,Bachelor of Software Engineering with Honours (Information System Development),Software Engineering,Bachelor,3.5,Full-time,Bahasa Melayu,67500,MYR,Programme,,International,https://www.ukm.my/studyukm/bachelor-of-software-engineering-with-honours-information-system-development/,2026-08-20,Official UKM international total fee.,,,,,"[""September""]",2026-07-20,https://www.ukm.my/studyukm/bachelor-of-software-engineering-with-honours-information-system-development/,2026-08-20,2026-08-20,current
prog_my_007,uni_my_003,Bachelor in Computer Science with Honours,Computer Science,Bachelor,4,,English,,,,,,,,,,,5.5,,,,https://fsktm.upm.edu.my/academic/undergraduate/programme_of_study-382,2026-08-20,2026-08-20,unknown
prog_my_008,uni_my_003,Bachelor in Computer Science (Multimedia Computing) with Honours,Multimedia Computing,Bachelor,4,,English,,,,,,,,,,,5.5,,,,https://fsktm.upm.edu.my/academic/undergraduate/programme_of_study-382,2026-08-20,2026-08-20,unknown
prog_my_009,uni_my_003,Bachelor in Software Engineering with Honours,Software Engineering,Bachelor,4,,English,,,,,,,,,,,5.5,,,,https://fsktm.upm.edu.my/academic/undergraduate/programme_of_study-382,2026-08-20,2026-08-20,unknown
prog_my_010,uni_my_004,Bachelor of Software Engineering with Honours,Software Engineering,Bachelor,4,,English,1875,USD,Semester,2025,International,https://admission.usm.my/images/00uginternational/fee_2025/UNDERGRADUATE_INTERNATIONAL_TUITION_FEES_PER_SEMESTER.pdf,2026-08-20,Official international tuition fee per semester from the available 2025 fee schedule.,,,5.0,40,"[""October""]",,https://cs.usm.my/index.php/admissions-academics/undergraduate/main-campus/bachelor-of-software-engineering-with-honours,2026-08-20,2026-08-20,current
prog_my_011,uni_my_004,Bachelor of Computer Science (Intelligent Computing) with Honours,Intelligent Computing,Bachelor,4,,English,1875,USD,Semester,2025,International,https://admission.usm.my/images/00uginternational/fee_2025/UNDERGRADUATE_INTERNATIONAL_TUITION_FEES_PER_SEMESTER.pdf,2026-08-20,Official international tuition fee per semester from the available 2025 fee schedule.,,,5.0,40,"[""October""]",,https://cs.usm.my/index.php/admissions-academics/undergraduate/main-campus/bachelor-of-computer-science-intelligent-computing-with-honours,2026-08-20,2026-08-20,current
prog_my_012,uni_my_004,Bachelor of Computer Science (Computing Infrastructure) with Honours,Computing Infrastructure,Bachelor,4,,English,1875,USD,Semester,2025,International,https://admission.usm.my/images/00uginternational/fee_2025/UNDERGRADUATE_INTERNATIONAL_TUITION_FEES_PER_SEMESTER.pdf,2026-08-20,Official international tuition fee per semester from the available 2025 fee schedule.,,,5.0,40,"[""October""]",,https://cs.usm.my/index.php/admissions-academics/undergraduate/main-campus/bachelor-of-computer-science-computing-infrastructure-with-honours,2026-08-20,2026-08-20,current
prog_my_013,uni_my_005,Bachelor in Software Engineering with Honours,Software Engineering,Bachelor,4,Full-time,Unknown,,,,,,,,Tuition intentionally not populated. Current official UTM fee sources show conflicting Computer/IT totals.,,,5.5,46,"[""September""]",2026-07-17,https://admission.utm.my/offered-allcourses-malaysian/,2026-08-20,2026-08-20,current
prog_my_014,uni_my_005,Bachelor of Computer Science (Computer Networks and Security) with Honours,Computer Networks and Security,Bachelor,4,Full-time,Unknown,,,,,,,,Tuition intentionally not populated. Current official UTM fee sources show conflicting Computer/IT totals.,,,5.5,46,"[""September""]",2026-07-17,https://admission.utm.my/offered-allcourses-malaysian/,2026-08-20,2026-08-20,unknown
prog_my_015,uni_my_005,Bachelor of Computer Science (Graphics and Multimedia Software) with Honours,Graphics and Multimedia Software,Bachelor,4,Full-time,Unknown,,,,,,,,Tuition intentionally not populated. Current official UTM fee sources show conflicting Computer/IT totals.,,,5.5,46,"[""September""]",2026-07-17,https://admission.utm.my/offered-allcourses-malaysian/,2026-08-20,2026-08-20,current
prog_my_016,uni_my_006,Bachelor of Computer Science (Honours),Computer Science,Bachelor,3.5,Full-time,Unknown,,,,,,,,,,,,,,,https://kulliyyah.iium.edu.my/kict/bachelor-in-computer-science-honours/,2026-08-20,2026-08-20,current
prog_my_017,uni_my_006,Bachelor of Information Technology (Honours),Information Technology,Bachelor,3.5,Full-time,Unknown,,,,,,,,,,,,,,,https://kulliyyah.iium.edu.my/kict/bachelor-of-information-technology/,2026-08-20,2026-08-20,current
prog_my_018,uni_my_006,Master in Information Technology,Information Technology,Master,,,Unknown,,,,,,,,,,,,,,,https://kulliyyah.iium.edu.my/kict/master-of-information-technology-3/,2026-08-20,2026-08-20,current
prog_my_019,uni_my_007,Bachelor of Computer Science (Hons),Computer Science,Bachelor,,,Unknown,,,,,,,,,,,,,,,https://www.utp.edu.my/Pages/Admission/Undergraduate/Bachelor-of-Computer-Science-%28Hons%29.aspx,2026-08-20,2026-08-20,unknown
prog_my_020,uni_my_007,Bachelor of Information Technology (Hons),Information Technology,Bachelor,4,,Unknown,,,,,,,,"Tuition intentionally not populated. Official UTP pages inspected during verification show conflicting international fee figures, so no single fee is accepted.",,,,,,,https://www.utp.edu.my/Pages/Admission/Undergraduate/Bachelor-in-Information-Technology-%28Hons%29.aspx,2026-08-20,2026-08-20,current
prog_my_021,uni_my_007,Bachelor of Information Systems (Hons),Information Systems,Bachelor,,,Unknown,,,,,,,,,,,,,,,https://www.utp.edu.my/Pages/Admission/Undergraduate/Bachelor-in-Information-Systems-%28Hons%29.aspx,2026-08-20,2026-08-20,unknown
prog_my_022,uni_my_008,Bachelor of Computer Science (Honours),Computer Science,Bachelor,3,Full-time,Unknown,,,,,,,,,,,5.5,,"[""February"", ""April"", ""September""]",,https://university.taylors.edu.my/en/study/explore-all-programmes/computer-science/undergraduate/bachelor-of-computer-science.html,2026-08-20,2026-08-20,current
prog_my_023,uni_my_008,Bachelor of Software Engineering (Honours),Software Engineering,Bachelor,3,Full-time,Unknown,,,,,,,,,,,5.5,,"[""February"", ""April"", ""September""]",,https://university.taylors.edu.my/en/study/explore-all-programmes/computer-science/undergraduate/bachelor-of-software-engineering.html,2026-08-20,2026-08-20,current
prog_my_024,uni_my_008,Bachelor of Information Technology (Honours),Information Technology,Bachelor,3,Full-time,Unknown,,,,,,,,,,,5.5,,"[""February"", ""April"", ""September""]",,https://university.taylors.edu.my/en/study/explore-all-programmes/computer-science/undergraduate/bachelor-of-information-technology.html,2026-08-20,2026-08-20,current
prog_my_025,uni_my_009,Bachelor of Science (Honours) in Computer Science,Computer Science,Bachelor,3,Full-time,Unknown,9779,USD,Year,2026,International,https://sunwayuniversity.edu.my/faculty-of-engineering-and-technology/courses/bachelor-of-science-honours-computer-science,2026-08-20,Estimated annual international course fee. Official page states international students pay the RM equivalent; USD is indicative.,,,6.0,,"[""January"", ""April"", ""September""]",,https://sunwayuniversity.edu.my/faculty-of-engineering-and-technology/courses/bachelor-of-science-honours-computer-science,2026-08-20,2026-08-20,current
prog_my_026,uni_my_009,Bachelor of Software Engineering (Hons),Software Engineering,Bachelor,3,Full-time,Unknown,10058,USD,Year,2026,International,https://sunwayuniversity.edu.my/faculty-of-engineering-and-technology/courses/bachelor-of-software-engineering-hons,2026-08-20,Estimated annual international course fee. Official page states international students pay the RM equivalent; USD is indicative.,,,6.0,,"[""January"", ""April"", ""September""]",,https://sunwayuniversity.edu.my/faculty-of-engineering-and-technology/courses/bachelor-of-software-engineering-hons,2026-08-20,2026-08-20,current
prog_my_027,uni_my_009,Bachelor of Information Systems (Honours) (Data Analytics),Information Systems and Data Analytics,Bachelor,3,Full-time,Unknown,10058,USD,Year,2026,International,https://sunwayuniversity.edu.my/faculty-of-engineering-and-technology/courses/bachelor-of-information-systems-honours-data,2026-08-20,Estimated annual international course fee. Official page states international students pay the RM equivalent; USD is indicative.,,,6.0,,"[""January"", ""April"", ""September""]",,https://sunwayuniversity.edu.my/faculty-of-engineering-and-technology/courses/bachelor-of-information-systems-honours-data,2026-08-20,2026-08-20,current
prog_my_028,uni_my_010,Bachelor of Computer Science with Honours,Computer Science,Bachelor,3.5,,Unknown,,,,,,,,,,,,,,,https://www.uum.edu.my/admissions/application-guidelines/undergraduate-local/local/bachelor-of-computer-science-with-honours,2026-08-20,2026-08-20,unknown
prog_my_029,uni_my_010,Bachelor of Science with Honours (Information Technology),Information Technology,Bachelor,3.5,,Unknown,,,,,,,,,,,,,,,https://www.uum.edu.my/admissions/application-guidelines/undergraduate-local/local/bachelor-of-science-with-honours-information-technology,2026-08-20,2026-08-20,unknown
prog_my_030,uni_my_010,Bachelor of Science with Honours (Multimedia),Multimedia,Bachelor,,,Unknown,,,,,,,,,,,,,,,https://www.uum.edu.my/admissions/application-guidelines/undergraduate-local/local/bachelor-of-science-with-honours-multimedia,2026-08-20,2026-08-20,unknown
prog_my_031,uni_my_011,Bachelor of Computer Science (Honours),Computer Science,Bachelor,3.5,,Unknown,,,,,,,,,,,,,,,https://fskm.uitm.edu.my/v5/en/component/content/article/29-cs230-bachelor-of-computer-science-hons-sarjana-muda-sains-komputer-kepujian?Itemid=154&catid=64,2026-08-20,2026-08-20,current
prog_my_032,uni_my_011,Bachelor of Information Technology (Hons.),Information Technology,Bachelor,3.5,,Unknown,,,,,,,,,,,,,,,https://fskm.uitm.edu.my/v5/en/component/content/article/649-cs240-bachelor-of-information-technology-hons-sarjana-muda-teknologi-maklumat-kepujian-2?Itemid=154&catid=72,2026-08-20,2026-08-20,current
prog_my_033,uni_my_011,Bachelor of Computer Science (Hons) Computer Networks,Computer Networks,Bachelor,,,Unknown,,,,,,,,,,,,,,,https://fskm.uitm.edu.my/v5/en/component/content/article/39-cs255-bachelor-of-computer-science-hons-data-communication-and-networking-sarjana-muda-sains-komputer-kepujian-komunikasi-data-dan-perangkaian?Itemid=154&catid=11,2026-08-20,2026-08-20,current
prog_my_034,uni_my_012,Bachelor of Computer Science with Honours (Software Engineering),Software Engineering,Bachelor,4,Full-time,Unknown,,,,,,,,,,,,,,,https://www.ums.edu.my/fki/index.php/what-we-offer/undergraduate/uh6481001,2026-08-20,2026-08-20,current
prog_my_035,uni_my_012,Bachelor of Computer Science with Honours (Network Engineering),Network Engineering,Bachelor,4,Full-time,Unknown,,,,,,,,,,,,,,,https://www.ums.edu.my/fki/index.php/what-we-offer/undergraduate/uh6481002,2026-08-20,2026-08-20,current
prog_my_036,uni_my_012,Bachelor of Computer Science with Honours (Data Science),Data Science,Bachelor,4,Full-time,Unknown,,,,,,,,,,,,,,,https://www.ums.edu.my/fki/index.php/what-we-offer/undergraduate/uh6481005,2026-08-20,2026-08-20,current
prog_my_037,uni_my_013,Bachelor in Computer Science (Computational Science) with Honours,Computational Science,Bachelor,4,,Unknown,55000,MYR,Programme,,International,https://www.unimas.my/images/PDF/FCSHD%20International/Latest%20Prospectus_English.pdf,2026-08-20,"Recent official UNIMAS international prospectus lists RM55,000 tuition per programme.",,,5.0,40,,,https://www.fcsit.unimas.my/what-we-offer/undergraduate/bcs-in-computational-science,2026-08-20,2026-08-20,current
prog_my_038,uni_my_013,Bachelor in Computer Science (Multimedia Computing) with Honours,Multimedia Computing,Bachelor,4,,Unknown,55000,MYR,Programme,,International,https://www.unimas.my/images/PDF/FCSHD%20International/Latest%20Prospectus_English.pdf,2026-08-20,"Recent official UNIMAS international prospectus lists RM55,000 tuition per programme.",,,5.0,40,,,https://www.fcsit.unimas.my/what-we-offer/undergraduate/bcs-of-multimedia-computing,2026-08-20,2026-08-20,current
prog_my_039,uni_my_013,Bachelor of Software Engineering with Honours,Software Engineering,Bachelor,4,,Unknown,55000,MYR,Programme,,International,https://www.unimas.my/images/PDF/FCSHD%20International/Latest%20Prospectus_English.pdf,2026-08-20,"Recent official UNIMAS international prospectus lists RM55,000 tuition per programme.",,,5.0,40,,,https://www.fcsit.unimas.my/what-we-offer/undergraduate/bcs-of-software-engineering,2026-08-20,2026-08-20,current
prog_my_040,uni_my_014,Bachelor of Computer Science (Honours),Computer Science,Bachelor,3,,Unknown,77250,MYR,Programme,,International,https://www.mmu.edu.my/fee-structure-international/,2026-08-20,Current official MMU international total programme fee.,,,,,,,https://www.mmu.edu.my/programmes-by-faculty-all/programmes-by-faculty-fci/bachelor-of-computer-science-hons/,2026-08-20,2026-08-20,current
prog_my_041,uni_my_014,Bachelor of Information Technology (Honours),Information Technology,Bachelor,3,,Unknown,77250,MYR,Programme,,International,https://www.mmu.edu.my/fee-structure-international/,2026-08-20,Current official MMU international total programme fee.,,,,,,,https://www.mmu.edu.my/programmes-by-faculty-all/programmes-by-faculty-fci/bachelor-of-information-technology-hons-information-systems/,2026-08-20,2026-08-20,current
prog_my_042,uni_my_014,Bachelor of Engineering (Hons) Electronics majoring in Computer,Electronics and Computer Engineering,Bachelor,4,,Unknown,94500,MYR,Programme,,International,https://www.mmu.edu.my/fee-structure-international/,2026-08-20,Current official MMU international total programme fee.,,,,,,,https://www.mmu.edu.my/programmes-by-faculty-all/programmes-by-faculty-foe/bachelor-of-engineering-hons-electronics-majoring-in-computer/,2026-08-20,2026-08-20,current
prog_my_043,uni_my_015,Bachelor of Computer Science (Honours),Computer Science,Bachelor,3,Full-time,Unknown,,,,,,,,"Tuition intentionally not populated. Current UCSI fee material distinguishes a TVET-module variant, so the fee is not assigned to this identity without a clear variant match.",,,5.0,42,"[""January"", ""May"", ""September""]",,https://www.ucsiuniversity.edu.my/programmes/bachelor-computer-science-honours,2026-08-20,2026-08-20,current
prog_my_044,uni_my_015,Bachelor of Computer Science in Data Science with Honours,Data Science,Bachelor,3,Full-time,Unknown,78710,MYR,Programme,,International,https://www.ucsiuniversity.edu.my/sites/default/files/ucsi_international_fee_structures.pdf,2026-08-20,"Current international fee schedule lists RM78,710 as programme tuition. Other international administrative and visa-related fees are excluded.",,,5.0,42,"[""January"", ""May"", ""September""]",,https://www.ucsiuniversity.edu.my/programmes/bachelor-computer-science-data-science-honours,2026-08-20,2026-08-20,current
prog_my_045,uni_my_015,Bachelor of Computer Science in Artificial Intelligence with Honours,Artificial Intelligence,Bachelor,3,Full-time,Unknown,102600,MYR,Programme,,International,https://www.ucsiuniversity.edu.my/sites/default/files/ucsi_international_fee_structures.pdf,2026-08-20,"Current international fee schedule lists RM102,600 as programme tuition. Other international administrative and visa-related fees are excluded.",,,5.0,,"[""January"", ""May"", ""September""]",,https://www.ucsiuniversity.edu.my/node/15609,2026-08-20,2026-08-20,current
prog_my_046,uni_my_016,Bachelor of Computer Science (Information Security) with Honours,Information Security,Bachelor,3.5,Full-time,Unknown,,,,,,,,Tuition intentionally not populated. Current programme-level fee figures and newer university finance material were not accepted as one unambiguous comparable tuition value.,,,4.5,,"[""Semester I (Sep/Oct)"", ""Semester II (Feb/Mar)""]",,https://fsktm.uthm.edu.my/?page_id=1336,2026-08-20,2026-08-20,current
prog_my_047,uni_my_016,Bachelor of Computer Science (Software Engineering) with Honours,Software Engineering,Bachelor,3.5,Full-time,Unknown,,,,,,,,Tuition intentionally not populated. Current programme-level fee figures and newer university finance material were not accepted as one unambiguous comparable tuition value.,,,4.5,,"[""Semester I (Sep/Oct)"", ""Semester II (Feb/Mar)""]",,https://fsktm.uthm.edu.my/?page_id=1364,2026-08-20,2026-08-20,current
prog_my_048,uni_my_016,Bachelor of Computer Science (Web Technology) with Honours,Web Technology,Bachelor,3.5,Full-time,Unknown,,,,,,,,Tuition intentionally not populated. Current programme-level fee figures and newer university finance material were not accepted as one unambiguous comparable tuition value.,,,4.5,,"[""Semester I (Sep/Oct)"", ""Semester II (Feb/Mar)""]",,https://fsktm.uthm.edu.my/?page_id=1356,2026-08-20,2026-08-20,current
prog_my_049,uni_my_017,Bachelor of Computer Science (Computer Networking) with Honours,Computer Networking,Bachelor,3.5,,Unknown,57367,MYR,Programme,2026,International,https://www.utem.edu.my/en/downloads/fees/253-2ao-2026-yuran-antarabangsa-prasiswazah-degree-sains-komputer-teknologi-maklumat/file.html,2026-08-20,"2026 official international fee structure. Stored value is tuition component RM57,367. Registration and semester/service fees are not included in tuition_fee.",,,,,,,https://www.utem.edu.my/en/undergraduate-int.html,2026-08-20,2026-08-20,current
prog_my_050,uni_my_017,Bachelor of Computer Science (Software Development) with Honours,Software Development,Bachelor,3.5,,Unknown,57367,MYR,Programme,2026,International,https://www.utem.edu.my/en/downloads/fees/253-2ao-2026-yuran-antarabangsa-prasiswazah-degree-sains-komputer-teknologi-maklumat/file.html,2026-08-20,"2026 official international fee structure. Stored value is tuition component RM57,367. Registration and semester/service fees are not included in tuition_fee.",,,,,,,https://www.utem.edu.my/en/undergraduate-int.html,2026-08-20,2026-08-20,current
prog_my_051,uni_my_017,Bachelor of Computer Science (Artificial Intelligence) with Honours,Artificial Intelligence,Bachelor,3.5,,Unknown,57367,MYR,Programme,2026,International,https://www.utem.edu.my/en/downloads/fees/253-2ao-2026-yuran-antarabangsa-prasiswazah-degree-sains-komputer-teknologi-maklumat/file.html,2026-08-20,"2026 official international fee structure. Stored value is tuition component RM57,367. Registration and semester/service fees are not included in tuition_fee.",,,,,,,https://www.utem.edu.my/en/undergraduate-int.html,2026-08-20,2026-08-20,current
prog_my_052,uni_my_018,Bachelor of Computer Science with Honours (Information Security and Assurance),Information Security and Assurance,Bachelor,4,Full-time,English and Arabic,,,,,,,,,,,,,,,https://admission.usim.edu.my/academic-programmes/?pid=32,2026-08-20,2026-08-20,current
prog_my_053,uni_my_018,Bachelor of Science with Honours (Actuarial Science and Risk Management),Actuarial Science and Risk Management,Bachelor,4,Full-time,English and Arabic,,,,,,,,,,,,,,,https://admission.usim.edu.my/academic-programmes/?pid=31,2026-08-20,2026-08-20,current
prog_my_054,uni_my_018,Bachelor of Science with Honours (Financial Mathematics),Financial Mathematics,Bachelor,4,Full-time,English and Arabic,,,,,,,,,,,,,,,https://admission.usim.edu.my/program-details/?pid=33,2026-08-20,2026-08-20,current
prog_my_055,uni_my_019,Bachelor of Education (Information Technology) with Honours,Information Technology Education,Bachelor,4,Full-time,Unknown,44000,MYR,Programme,2026,International,https://kemasukan.upsi.edu.my/wp-content/uploads/2025/12/INTERNATIONAL-UNDERGRADUATE-TUITION-FEES-TAHUN-2026.pdf,2026-08-20,"Official 2026 international undergraduate fee schedule lists RM44,000 total tuition for programme code AT20. Accommodation, bond, convocation and other listed charges are excluded.",,,5.0,40,,,https://meta.upsi.edu.my/bachelor-of-education-information-technology-with-honours/,2026-08-20,2026-08-20,current
prog_my_056,uni_my_019,Bachelor of Software Engineering (Educational Software) with Honours,Educational Software Engineering,Bachelor,,Full-time,Unknown,,,,,,,,Duration intentionally not populated. Current official UPSI page contains conflicting duration statements.,,,5.0,40,,,https://meta.upsi.edu.my/bachelor-of-software-engineering-educational-software-with-honours/,2026-08-20,2026-08-20,current
prog_my_057,uni_my_019,Bachelor of Computer Science (Internet of Things Technology) with Honours,Internet of Things Technology,Bachelor,,Full-time,Unknown,,,,,,,,Duration intentionally not populated. Current official UPSI page contains conflicting 3-year and 3.5-year statements.,,,5.0,40,,,https://meta.upsi.edu.my/bachelor-of-computer-science-internet-of-things-technology-with-honours/,2026-08-20,2026-08-20,current
prog_my_058,uni_my_020,Bachelor of Computer Science (Software Engineering) with Honours,Software Engineering,Bachelor,3.5,,Unknown,1010,USD,Semester,,International,https://akademik.umt.edu.my/wp-content/uploads/2025/07/2-UNDERGRADUATE-PROGRAMMES-AND-FEES-FOR-INTERNATIONAL-STUDENTS.pdf,2026-08-20,"Official international fee schedule: USD1,010 per semester.",,,5.0,40,,,https://fskm.umt.edu.my/?page_id=34174,2026-08-20,2026-08-20,current
prog_my_059,uni_my_020,Bachelor of Computer Science with Maritime Informatics (Honours),Maritime Informatics,Bachelor,3.5,,Unknown,1010,USD,Semester,,International,https://akademik.umt.edu.my/wp-content/uploads/2025/07/2-UNDERGRADUATE-PROGRAMMES-AND-FEES-FOR-INTERNATIONAL-STUDENTS.pdf,2026-08-20,"Official international fee schedule: USD1,010 per semester.",,,5.0,40,,,https://fskm.umt.edu.my/?page_id=34174,2026-08-20,2026-08-20,current
prog_my_060,uni_my_020,Bachelor of Computer Science (Mobile Computing) with Honours,Mobile Computing,Bachelor,3.5,,Unknown,1060,USD,Semester,,International,https://akademik.umt.edu.my/wp-content/uploads/2025/07/2-UNDERGRADUATE-PROGRAMMES-AND-FEES-FOR-INTERNATIONAL-STUDENTS.pdf,2026-08-20,"Official international fee schedule: USD1,060 per semester.",,,5.0,40,,,https://fskm.umt.edu.my/?page_id=34174,2026-08-20,2026-08-20,current
prog_my_061,uni_my_021,Bachelor of Computer Science (Software Engineering) with Honours,Software Engineering,Bachelor,4,Full-time,Unknown,,,,,,,,"Current UMPSA open-intake page displays a programme Price, but the label is not normalized as tuition-only. TOEFL iBT is shown as a 30-31 range, so no single TOEFL integer was inferred.",,,4.0,,"[""February""]",,https://admission.umpsa.edu.my/undergraduate-study/computer/bachelor-of-computer-science-software-engineering-with-honours,2026-08-20,2026-08-21,current
prog_my_062,uni_my_021,Bachelor of Computer Science (Computer Systems & Networking) with Honours,Computer Systems and Networking,Bachelor,4,,Unknown,,,,,,,,"Current international entry requirement shows TOEFL iBT 30-31. Schema requires one integer, so TOEFL was intentionally left blank.",,,4.0,,,,https://admission.umpsa.edu.my/undergraduate-study/computer/bachelor-of-computer-science-computer-systems-networking-with-honours,2026-08-20,2026-08-21,current
prog_my_063,uni_my_021,Bachelor of Computer Science (Cyber Security) with Honours,Cyber Security,Bachelor,4,,Unknown,,,,,,,,"Current UMPSA open-intake page displays a programme Price, but it was not assumed to be tuition-only. TOEFL iBT 30-31 was not collapsed into one integer.",,,4.0,,"[""February""]",,https://admission.umpsa.edu.my/undergraduate-study/computer/bachelor-of-cyber-security,2026-08-20,2026-08-21,current
prog_my_064,uni_my_022,Bachelor in Data Science (Artificial Intelligence) With Honours,Data Science and Artificial Intelligence,Bachelor,,,Unknown,,,,,,,,,,,,,,,https://fkc.unimap.edu.my/index.php/en/programmes/bachelor/data-science-ai,2026-08-20,2026-08-21,unknown
prog_my_065,uni_my_022,Bachelor of Computer Engineering with Honours,Computer Engineering,Bachelor,,,Unknown,,,,,,,,,,,,,,,https://admission.unimap.edu.my/programme.php?id=UR6523002,2026-08-20,2026-08-21,unknown
prog_my_066,uni_my_022,Bachelor of Environmental Engineering with Honours,Environmental Engineering,Bachelor,4,,Unknown,,,,,,,,,,,,,,,https://admission.unimap.edu.my/programme.php?id=UR6526002,2026-08-20,2026-08-21,current
prog_my_067,uni_my_023,Bachelor of Computer Science (Software Development) with Honours,Software Development,Bachelor,3.5,Full-time,Unknown,,,,,,,,"Official programme page lists international tuition as a USD 1,100-1,400 range. A single tuition value was not inferred.",,,5.0,42,,,https://fik.unisza.edu.my/index.php?Itemid=736&id=78&lang=en&option=com_sppagebuilder&view=page,2026-08-20,2026-08-21,current
prog_my_068,uni_my_023,Bachelor of Computer Science (Computer Network Security) With Honours,Computer Network Security,Bachelor,3.5,Full-time,Unknown,,,,,,,,Official programme information presents international tuition as a range rather than one exact comparable value.,,,5.0,42,,,https://fik.unisza.edu.my/index.php?Itemid=736&id=78&lang=en&option=com_sppagebuilder&view=page,2026-08-20,2026-08-21,current
prog_my_069,uni_my_023,Bachelor of Computer Science (Internet Computing) With Honours,Internet Computing,Bachelor,3.5,Full-time,Unknown,,,,,,,,"Official programme page lists international tuition as USD 1,100-1,400. No single value was inferred.",,,5.0,42,,,https://fik.unisza.edu.my/index.php?Itemid=736&id=78&lang=en&option=com_sppagebuilder&view=page,2026-08-20,2026-08-21,current
prog_my_070,uni_my_024,Bachelor of Computer Science (Computer Systems Security),Computer Systems Security,Bachelor,,,Unknown,,,,,,,,"No tuition imported. The accessible official international fee document is dated 2013, which is too old for current recommendation data.",,,,,,,https://www.upnm.edu.my/index.php/en/admission-en/academic-program/undergraduate,2026-08-20,2026-08-21,unknown
prog_my_071,uni_my_024,Bachelor of Computer Science (Artificial Intelligence) (Hons),Artificial Intelligence,Bachelor,,,Unknown,,,,,,,,"No tuition imported. Current programme identity is confirmed, but no sufficiently current programme-specific international fee or explicit duration value was accepted.",,,,,,,https://www.upnm.edu.my/index.php/en/admission-en/academic-program/undergraduate,2026-08-20,2026-08-21,unknown
prog_my_072,uni_my_024,Bachelor of Computer Science (Hons),Computer Science,Bachelor,,,Unknown,,,,,,,,"No tuition imported. Current programme identity is confirmed, but no sufficiently current programme-specific international fee or explicit duration value was accepted.",,,,,,,https://www.upnm.edu.my/index.php/en/admission-en/academic-program/undergraduate,2026-08-20,2026-08-21,unknown
prog_my_073,uni_my_025,Bachelor of Information Technology with Honours,Information Technology,Bachelor,4,Full-time,Unknown,,,,,,,,Current international handbook gives a Semester-1 tuition amount only. It was not stored as a recurring or programme-total tuition value.,,,,,"[""September""]",,https://www.umk.edu.my/en/undergraduate-programme.html,2026-08-20,2026-08-21,current
prog_my_074,uni_my_025,Bachelor of Applied Science (Environmental Analytics) with Honours,Environmental Analytics,Bachelor,,Full-time,Unknown,,,,,,,,,,,,,"[""September""]",,https://fsb.umk.edu.my/undergraduate.cfm,2026-08-20,2026-08-21,current
prog_my_075,uni_my_025,Bachelor of Applied Science (Bioindustrial Technology) With Honours,Bioindustrial Technology,Bachelor,4,Full-time,Unknown,,,,,,,,Current international handbook gives the Semester-1 tuition amount only. It was not treated as programme or recurring-semester tuition for recommendation calculations.,,,,,"[""September""]",,https://fbkt.umk.edu.my/undergraduate.cfm,2026-08-20,2026-08-21,current
prog_my_076,uni_my_026,Bachelor in Computer Science (Artificial Intelligence) (Honours),Artificial Intelligence,Bachelor,3,Full-time,Unknown,82500,MYR,Programme,2026,International,https://www.uniten.edu.my/all-programmes/college-of-computing-informatics-cci/bachelor-in-computer-science-artificial-intelligence-honours,2026-08-21,"Current UNITEN international total tuition. Registration, visa, accommodation, semester advance fee and 6% SST are excluded.",,,,,"[""January"", ""June"", ""September""]",,https://uniten.edu.my/college-of-computing-informatics/programmes/,2026-08-20,2026-08-21,current
prog_my_077,uni_my_026,Bachelor in Computer Science (Cyber Security) (Honours),Cyber Security,Bachelor,3,Full-time,Unknown,82500,MYR,Programme,2026,International,https://www.uniten.edu.my/all-programmes/college-of-computing-informatics-cci/bachelor-in-computer-science-cyber-security-honours,2026-08-21,Current UNITEN international total tuition. Ancillary fees and 6% SST are excluded.,,,,,"[""January"", ""June"", ""September""]",,https://www.uniten.edu.my/programme/undergraduate/bachelor-in-computer-science-cyber-security-honours/,2026-08-20,2026-08-21,current
prog_my_078,uni_my_026,Bachelor in Software Engineering (Honours),Software Engineering,Bachelor,3,Full-time,Unknown,82500,MYR,Programme,2026,International,https://www.uniten.edu.my/all-programmes/college-of-computing-informatics-cci/bachelor-in-software-engineering-honours,2026-08-21,Current UNITEN international total tuition. Ancillary fees and 6% SST are excluded.,,,,,"[""January"", ""June"", ""September""]",,https://uniten.edu.my/college-of-computing-informatics/programmes/,2026-08-20,2026-08-21,current
prog_my_079,uni_my_027,Masters in Islamic Finance Practice (MIFP),Islamic Finance,Master,,,Unknown,40190,MYR,Programme,,International,https://inceif.edu.my/study-inceif-university/master-programmes/masters-in-islamic-finance-practice-mifp/,2026-08-21,International total fee calculated from maximum chargeable amount for the maximum full-time duration. Government/visa-related fees are excluded.,,,,,"[""January"", ""June"", ""September""]",2026-10-30,https://inceif.edu.my/study-inceif-university/master-programmes/,2026-08-20,2026-08-21,current
prog_my_080,uni_my_027,Master of Science in Islamic Finance (MSc),Islamic Finance,Master,,,Unknown,47730,MYR,Programme,,International,https://inceif.edu.my/study-inceif-university/master-programmes/masters-of-science-in-islamic-finance-by-coursework-msc/,2026-08-21,International total fee calculated from maximum chargeable amount for maximum full-time duration. Full-time and part-time duration ranges were not collapsed.,,,,,"[""January"", ""June"", ""September""]",2026-10-30,https://inceif.edu.my/study-inceif-university/master-programmes/masters-of-science-in-islamic-finance-by-coursework-msc/,2026-08-20,2026-08-21,current
prog_my_081,uni_my_027,Master in Business Administration (Sustainable Business) (MBA),Sustainable Business,Master,,,Unknown,46480,MYR,Programme,,International,https://inceif.edu.my/study-inceif-university/master-programmes/master-in-business-administration-sustainable-business-mba/,2026-08-21,International total fee based on maximum chargeable full-time study amount. Multi-mode duration was not normalized.,,,,,"[""January"", ""June"", ""September""]",2026-10-30,https://inceif.edu.my/study-inceif-university/master-programmes/,2026-08-20,2026-08-21,current
prog_my_082,uni_my_028,Bachelor of Computer Science (Honours),Computer Science,Bachelor,3,Full-time,English,77550,MYR,Programme,,International,https://study.utar.edu.my/computer-science.php,2026-08-21,Current standard international full-time programme fee. Official page separately lists a restricted part-time international route for employment-pass holders.,,,,,"[""February"", ""June"", ""November""]",,https://admission.utar.edu.my/documents/MER-B-ICT.pdf,2026-08-20,2026-08-21,current
prog_my_083,uni_my_028,Bachelor of Software Engineering (Honours),Software Engineering,Bachelor,3,Full-time,English,75500,MYR,Programme,,International,https://study.utar.edu.my/documents/250716_Software_Engineering_EN.pdf,2026-08-21,Current international programme fee shown by UTAR; published material states international fee includes 6% SST.,,,,,"[""February"", ""June"", ""November""]",,https://admission.utar.edu.my/documents/MER-B-ICT.pdf,2026-08-20,2026-08-21,current
prog_my_084,uni_my_028,Bachelor of Information Technology (Honours) (Communications and Networking),Communications and Networking,Bachelor,3,Full-time,English,77000,MYR,Programme,,International,https://study.utar.edu.my/communications-networking.php,2026-08-21,Current estimated international total programme fee. Official page states 6% SST is excluded.,,,,,"[""February"", ""June"", ""November""]",,https://fict.utar.edu.my/Timetable.php,2026-08-20,2026-08-21,current
prog_my_085,uni_my_029,Bachelor of Computer Science,Computer Science,Bachelor,3,Full-time,Unknown,54720,MYR,Year,2026,International,https://www.monash.edu.my/study/undergraduate/fees,2026-08-21,2026 annual international tuition. General fees and 6% service tax are separate where applicable.,,,6.5,,"[""February"", ""July"", ""October""]",,https://www.monash.edu.my/study/undergraduate/information-technology/bachelor-computer-science,2026-08-20,2026-08-21,current
prog_my_086,uni_my_029,Bachelor of Computer Science in Data Science,Data Science,Bachelor,3,Full-time,Unknown,54720,MYR,Year,2026,International,https://www.monash.edu.my/study/undergraduate/information-technology/bachelor-of-computer-science-in-data-science,2026-08-21,2026 annual international tuition. Part-time study is not available to international students.,,,6.5,,"[""February"", ""July"", ""October""]",,https://www.monash.edu.my/IT/future-students/future-students/our-undergraduate-courses,2026-08-20,2026-08-21,current
prog_my_087,uni_my_029,Bachelor of Computer Science in Artificial Intelligence,Artificial Intelligence,Bachelor,3,Full-time,Unknown,54720,MYR,Year,2026,International,https://www.monash.edu.my/study/undergraduate/information-technology/bachelor-of-computer-science-in-artificial-intelligence,2026-08-21,2026 annual international tuition. Part-time study is not available to international students.,,,6.5,,"[""February"", ""July"", ""October""]",,https://www.monash.edu.my/IT/future-students/future-students/our-undergraduate-courses,2026-08-20,2026-08-21,current
prog_my_088,uni_my_030,BSc (Hons) Computer Science,Computer Science,Bachelor,3,Full-time,Unknown,57000,MYR,Year,2026,International,https://www.nottingham.edu.my/Study/Undergraduate-courses/Tuition-fees.aspx,2026-08-21,Current international annual tuition. 6% SST applies to non-Malaysian students.,,,6.0,,"[""September""]",,https://www.nottingham.edu.my/ugstudy/course/computer-science-bsc-hons,2026-08-20,2026-08-21,current
prog_my_089,uni_my_030,BSc (Hons) Computer Science with Artificial Intelligence,Computer Science and Artificial Intelligence,Bachelor,3,Full-time,Unknown,57000,MYR,Year,2026,International,https://www.nottingham.edu.my/Study/Undergraduate-courses/Tuition-fees.aspx,2026-08-21,Current international annual tuition. 6% SST applies to non-Malaysian students.,,,6.0,,"[""September""]",,https://www.nottingham.edu.my/ugstudy/course/computer-science-with-artificial-intelligence-bsc-hons,2026-08-20,2026-08-21,current
prog_my_090,uni_my_030,BSc (Hons) in Mathematics and Data Science,Mathematics and Data Science,Bachelor,3,Full-time,Unknown,60000,MYR,Year,2026,International,https://www.nottingham.edu.my/Study/Undergraduate-courses/Tuition-fees.aspx,2026-08-21,Current international annual tuition for Mathematics and Data Science. 6% SST applies to non-Malaysian students.,,,6.0,,"[""September""]",,https://www.nottingham.edu.my/ugstudy/course/mathematics-and-data-science-bsc-hons,2026-08-20,2026-08-21,current
prog_my_091,uni_my_031,Bachelor of Science (Honours) in Computer Science,Computer Science,Bachelor,3,Full-time,Unknown,108500,MYR,Programme,,International,https://www.apu.edu.my/course/bsc-hons-in-computer-science,2026-08-21,Current international total tuition. Deposits and miscellaneous fees are excluded; 6% SST for international students is excluded.,,,5.0,40,"[""September"", ""November""]",,https://www.apu.edu.my/course/bsc-hons-in-computer-science,2026-08-20,2026-08-21,current
prog_my_092,uni_my_031,Bachelor of Science (Honours) in Computer Science (Cyber Security),Cyber Security,Bachelor,3,Full-time,Unknown,108500,MYR,Programme,,International,https://apu.edu.my/course/bsc-hons-in-computer-science-cyber-security,2026-08-21,"Current international total tuition. Deposits, miscellaneous fees and 6% SST are excluded.",,,5.0,40,"[""September"", ""November""]",,https://apu.edu.my/course/bsc-hons-in-computer-science-cyber-security,2026-08-20,2026-08-21,current
prog_my_093,uni_my_031,Bachelor of Computer Science (Hons) (Artificial Intelligence),Artificial Intelligence,Bachelor,3,Full-time,Unknown,108500,MYR,Programme,,International,https://www.apu.edu.my/course/bsc-hons-in-computer-science-ai,2026-08-21,"Current international total tuition. Deposits, miscellaneous fees and 6% SST are excluded.",,,5.0,40,"[""September"", ""November""]",,https://www.apu.edu.my/course/bsc-hons-in-computer-science-ai,2026-08-20,2026-08-21,current
prog_my_094,uni_my_032,Bachelor in Computer Science (Hons),Computer Science,Bachelor,3,,Unknown,,,,,,,,Current MSU page provides local estimated fees only and instructs international students to contact MSU. International tuition was therefore not inferred.,,,,,,,https://www.msu.edu.my/faculty-information-sciences-engineering/bachelor-computer-science.php,2026-08-20,2026-08-21,current
prog_my_095,uni_my_032,Bachelor in Information Technology (Honours),Information Technology,Bachelor,3,,Unknown,,,,,,,,Current MSU page provides local estimated fees only. International tuition and numerical IELTS/TOEFL values were not inferred.,,,,,,,https://www.msu.edu.my/faculty-information-sciences-engineering/bachelor-information-technology,2026-08-20,2026-08-21,current
prog_my_096,uni_my_032,Bachelor in Information Systems (Business Computing) (Honours),Business Computing,Bachelor,3,,Unknown,,,,,,,,Current MSU page lists local estimated fees only. International fee is not supplied as an exact comparable amount.,,,,,,,https://www.msu.edu.my/faculty-information-sciences-engineering/information-system-business-computing,2026-08-20,2026-08-21,current
prog_my_097,uni_my_033,Bachelor of Software Engineering with Honours,Software Engineering,Bachelor,3,Full-time,Unknown,70399,MYR,Programme,,International,https://www.unikl.edu.my/programme/bachelor-of-information-technology-hons-in-software-engineering/,2026-08-21,Current official international total tuition fee. Visa processing and 6% SST are excluded.,,,5.0,,"[""March"", ""October""]",,https://www.unikl.edu.my/programme/bachelor-of-information-technology-hons-in-software-engineering/,2026-08-20,2026-08-21,current
prog_my_098,uni_my_033,Bachelor of Cybersecurity Technology with Honours,Cybersecurity,Bachelor,3,Full-time,Unknown,70399,MYR,Programme,,International,https://www.unikl.edu.my/programme/bachelor-of-information-technology-hons-in-computer-system-security/,2026-08-21,Current official international total tuition fee. Visa processing and 6% SST are excluded.,,,5.0,,"[""March"", ""October""]",,https://www.unikl.edu.my/programme/bachelor-of-information-technology-hons-in-computer-system-security/,2026-08-20,2026-08-21,current
prog_my_099,uni_my_033,Bachelor of Artificial Intelligence Technology with Honours,Artificial Intelligence,Bachelor,3,Full-time,Unknown,115200,MYR,Programme,,International,https://www.unikl.edu.my/programme/bachelor-of-artificial-intelligence-technology-with-honours/,2026-08-21,Current official international tuition-only total. Visa processing and 6% SST are excluded.,,,5.0,,"[""March"", ""October""]",,https://www.unikl.edu.my/programme/bachelor-of-artificial-intelligence-technology-with-honours/,2026-08-20,2026-08-21,current
prog_my_100,uni_my_034,Bachelor of Computer Science (Honours),Computer Science,Bachelor,3,,Unknown,,,,,,,,Current 2026 programme material verifies duration and intakes. Exact comparable international tuition was not assigned.,,,5.0,35,"[""January"", ""May"", ""August""]",,https://university.help.edu.my/programme/bachelor-of-computer-science/,2026-08-20,2026-08-21,current
prog_my_101,uni_my_034,Bachelor of Information Technology (Honours),Information Technology,Bachelor,3,,Unknown,,,,,,,,Current 2026 programme material verifies duration and intakes. Exact international tuition was not safely normalized.,,,5.0,35,"[""January"", ""May"", ""August""]",,https://university.help.edu.my/programme/bachelor-of-information-technology/,2026-08-20,2026-08-21,current
prog_my_102,uni_my_034,Bachelor of Business Analytics (Honours),Business Analytics,Bachelor,3,,Unknown,,,,,,,,Current programme and 2026 business material verify duration and intakes. Published programme fee is Malaysian/local and was not treated as international tuition.,,,5.5,,"[""January"", ""February"", ""May"", ""August"", ""October""]",,https://university.help.edu.my/programme/bachelor-of-business-analytics/,2026-08-20,2026-08-21,current
prog_my_103,uni_my_035,Bachelor of Computer Science (Honours),Computer Science,Bachelor,3,,Unknown,,,,,,,,Current programme has Full-Time and Weekend modes. study_mode was not reduced to one value. No exact current international tuition was accepted.,,,,,"[""January"", ""May"", ""September""]",,https://university.segi.edu.my/course/bachelor-of-computer-science-hons/,2026-08-20,2026-08-21,current
prog_my_104,uni_my_035,Bachelor of Information Technology (Honours),Information Technology,Bachelor,,,Unknown,,,,,,,,"Current programme lists Full-Time and Weekend modes. Programme structure shows Years 1-3, but duration_years was not inferred solely from module structure.",,,,,"[""January"", ""May"", ""September""]",,https://university.segi.edu.my/course/bachelor-of-information-technology-hons/,2026-08-20,2026-08-21,current
prog_my_105,uni_my_035,Master of Science in Information Technology,Information Technology,Master,1,,Unknown,,,,,,,,One-year coursework duration verified from recent official SEGi postgraduate material. Current exact international tuition and numeric IELTS/TOEFL were not inferred.,,,,,,,https://university.segi.edu.my/course/msc-in-information-technology-coursework/,2026-08-20,2026-08-21,unknown
prog_my_106,uni_my_036,Bachelor of Technology (Honours) Data Science,Data Science,Bachelor,,,Unknown,,,,,,,,,,,,,,,https://newinti.edu.my/programme/bachelor-of-technology-honours-data-science/,2026-08-20,2026-08-20,unknown
prog_my_107,uni_my_036,Bachelor of Computer Science (Hons) major in Software Development,Software Development,Bachelor,,,Unknown,,,,,,,,,,,,,,,https://newinti.edu.my/programme/bachelor-of-computer-science-hons-in-software-development-coventry-uk/,2026-08-20,2026-08-20,unknown
prog_my_108,uni_my_036,Bachelor of Information Technology (Hons),Information Technology,Bachelor,,,Unknown,,,,,,,,,,,,,,,https://newinti.edu.my/programme/bachelor-of-information-technology-hons-coventry-uk/,2026-08-20,2026-08-20,unknown
prog_my_109,uni_my_037,Bachelor of Computer Science,Computer Science,Bachelor,,,Unknown,,,,,,,,,,,,,,,https://aimst.edu.my/academic/bachelor-of-computer-science/,2026-08-20,2026-08-20,unknown
prog_my_110,uni_my_037,Bachelor in Information Systems (Data Analytics) (Honours),Information Systems and Data Analytics,Bachelor,,,Unknown,,,,,,,,,,,,,,,https://aimst.edu.my/academic/bachelor-in-information-systems-data-analyticshonours/,2026-08-20,2026-08-20,unknown
prog_my_111,uni_my_037,Bachelor in Software Engineering (Honours),Software Engineering,Bachelor,,,Unknown,,,,,,,,,,,,,,,https://aimst.edu.my/academic/bachelor-in-software-engineering-honours/,2026-08-20,2026-08-20,unknown
prog_my_112,uni_my_038,Master of Information Technology,Information Technology,Master,,,Unknown,,,,,,,,,,,,,,,https://www.oum.edu.my/programmes-offered-at-oum/postgraduate/master-of-information-technology/,2026-08-20,2026-08-20,unknown
prog_my_113,uni_my_038,Master in Data Science,Data Science,Master,,,Unknown,,,,,,,,,,,,,,,https://www.oum.edu.my/programmes-offered-at-oum/postgraduate/master-in-data-science/,2026-08-20,2026-08-20,unknown
prog_my_114,uni_my_038,Doctor of Philosophy (Information Technology),Information Technology,Doctorate,,,Unknown,,,,,,,,,,,,,,,https://www.oum.edu.my/programmes-offered-at-oum/postgraduate/doctor-of-philosophy-information-technology/,2026-08-20,2026-08-20,unknown
prog_my_115,uni_my_039,Bachelor of Information Technology (Honours),Information Technology,Bachelor,,,Unknown,,,,,,,,,,,,,,,https://www.mahsa.edu.my/faculties/Engineering/bachelor-information-technology.php,2026-08-20,2026-08-20,unknown
prog_my_116,uni_my_039,Bachelor of Arts (Honours) in Creative Multimedia Design,Creative Multimedia Design,Bachelor,,,Unknown,,,,,,,,,,,,,,,https://mahsa.edu.my/faculties/Engineering/bachelor-arts-hons-creative-multimedia-design.php,2026-08-20,2026-08-20,unknown
prog_my_117,uni_my_039,Master in Information Technology,Information Technology,Master,,,Unknown,,,,,,,,,,,,,,,https://mahsa.edu.my/faculties/programmes/postgraduate-programmes.php,2026-08-20,2026-08-20,unknown
prog_my_118,uni_my_040,Bachelor in Digital Health (Hons) (IMU),Digital Health,Bachelor,,,Unknown,,,,,,,,,,,,,,,https://imu.edu.my/academics/undergraduate/digital-health/,2026-08-20,2026-08-20,unknown
prog_my_119,uni_my_040,Bachelor in Business Analytics (Honours) (IMU),Business Analytics,Bachelor,,,Unknown,,,,,,,,,,,,,,,https://imu.edu.my/academics/undergraduate/business-analytics/,2026-08-20,2026-08-20,unknown
prog_my_120,uni_my_040,Bachelor of Business Administration with Healthcare Management (Honours) (IMU),Business Administration and Healthcare Management,Bachelor,,,Unknown,,,,,,,,,,,,,,,https://imu.edu.my/academics/undergraduate/business-administration-with-healthcare-management/,2026-08-20,2026-08-20,unknown
