program_id,international_applicants_status,international_application_url,international_requirements_note,international_applicants_last_verified_at
prog_tw_001,verified_yes,https://admissions.ntu.edu.tw/,NTU official international admissions and English-taught programme information support international Bachelor applicants.,2026-08-22
prog_tw_002,verified_yes,https://admissions.ntu.edu.tw/,The Civil Engineering department explicitly states that both undergraduate tracks welcome international students.,2026-08-22
prog_tw_003,verified_yes,https://admissions.ntu.edu.tw/,NTU international admissions information lists Mechanical Engineering among undergraduate English-taught offerings.,2026-08-22
prog_tw_004,verified_yes,https://apply.nthu.edu.tw/en/article/172-2026-fall-undergraduate,NTHU official international applicant portal marks Chemical Engineering as available to international students.,2026-08-22
prog_tw_005,verified_yes,https://apply.nthu.edu.tw/en/article/172-2026-fall-undergraduate,NTHU official programme portal identifies Electrical Engineering for international student applicants.,2026-08-22
prog_tw_006,verified_yes,https://apply.nthu.edu.tw/en/article/172-2026-fall-undergraduate,The current NTHU international Bachelor admission material explicitly supports international applicants to this programme.,2026-08-22
prog_tw_007,verified_yes,https://oia.nycu.edu.tw/oia/en/app/artwebsite/view?id=786&module=artwebsite&serno=aa792259-32d5-422d-b382-3171b79f64f3,NYCU Fall 2026 degree-seeking international admission results contain Bachelor admits to the Department of Computer Science.,2026-08-22
prog_tw_008,verified_yes,https://oia.nycu.edu.tw/oia/en/app/artwebsite/view?id=786&module=artwebsite&serno=aa792259-32d5-422d-b382-3171b79f64f3,NYCU Fall 2026 international admission results include Bachelor admission to the Department of Microelectronics.,2026-08-22
prog_tw_009,verified_yes,https://oia.nycu.edu.tw/oia/en/app/artwebsite/view?id=786&module=artwebsite&serno=aa792259-32d5-422d-b382-3171b79f64f3,NYCU Fall 2026 degree-seeking international admission results explicitly contain Bachelor admits to Electrophysics.,2026-08-22
prog_tw_010,verified_yes,https://oia.ncku.edu.tw/p/404-1032-229816.php?Lang=en,NCKU current 2026/2027 international admission programme list includes the Bachelor programme in Computer Science and Information Engineering.,2026-08-22
prog_tw_011,verified_yes,https://oia.ncku.edu.tw/p/404-1032-229816.php?Lang=en,NCKU current 2026/2027 international admission programme list includes Electrical Engineering at Bachelor level.,2026-08-22
prog_tw_012,verified_yes,https://oia.ncku.edu.tw/p/404-1032-229816.php?Lang=en,NCKU current international admissions evidence includes Mechanical Engineering Bachelor applicants/students.,2026-08-22
prog_tw_013,verified_yes,https://admission.ntust.edu.tw/p/412-1052-9572.php?Lang=en,Taiwan Tech operates a current Fall 2026 international Bachelor admission route.,2026-08-22
prog_tw_014,verified_yes,https://admission.ntust.edu.tw/p/412-1052-9572.php?Lang=en,Taiwan Tech current international undergraduate admission route applies to eligible Bachelor programmes.,2026-08-22
prog_tw_015,verified_yes,https://admission.ntust.edu.tw/p/412-1052-9572.php?Lang=en,The Department of Industrial Management explicitly invites international students to its Bachelor programme.,2026-08-22
prog_tw_016,verified_yes,https://nccuadmission.nccu.edu.tw/Post/277,NCCU's current 2026 international admission programme list marks Chinese Literature as available at Bachelor level.,2026-08-22
prog_tw_017,verified_yes,https://nccuadmission.nccu.edu.tw/Post/277,NCCU current international programme list includes the Department of English at Bachelor level.,2026-08-22
prog_tw_018,verified_yes,https://nccuadmission.nccu.edu.tw/Post/277,NCCU current international programme list explicitly includes this Bachelor programme.,2026-08-22
prog_tw_019,verified_yes,https://cis.ncu.edu.tw/admissions/default/college/open.programs,NCU's current Fall 2026 international degree-program list marks Business Administration as open at Bachelor level.,2026-08-22
prog_tw_020,verified_yes,https://cis.ncu.edu.tw/admissions/default/college/open.programs,NCU's current international degree-program list marks Information Management as open at Bachelor level.,2026-08-22
prog_tw_021,verified_yes,https://cis.ncu.edu.tw/admissions/default/college/open.programs,NCU's current international degree-program list marks Economics as open at Bachelor level.,2026-08-22
prog_tw_022,verified_yes,https://oia.nchu.edu.tw/images/File/03_Apply_to_NCHU/3-1-Degree-Programs/3-1-2-International-Students/115_Programs_and_Language_Instruction.pdf,NCHU's official 2026/2027 international degree-program document includes Business Administration at Bachelor level.,2026-08-22
prog_tw_023,verified_yes,https://oia.nchu.edu.tw/images/File/03_Apply_to_NCHU/3-1-Degree-Programs/3-1-2-International-Students/115_Programs_and_Language_Instruction.pdf,NCHU's current 2026/2027 international degree-program document includes Computer Science and Engineering at Bachelor level.,2026-08-22
prog_tw_024,verified_yes,https://oia.nchu.edu.tw/images/File/03_Apply_to_NCHU/3-1-Degree-Programs/3-1-2-International-Students/115_Programs_and_Language_Instruction.pdf,NCHU's current international programme document includes Electrical Engineering at Bachelor level.,2026-08-22
prog_tw_025,verified_yes,https://bds.oia.ntnu.edu.tw/bds/en/apply,NTNU Department of Education's official Bachelor information directly links international-student applications.,2026-08-22
prog_tw_026,verified_yes,https://bds.oia.ntnu.edu.tw/bds/en/apply,This official Bachelor programme is specifically designed for international students and provides a direct international application route.,2026-08-22
prog_tw_027,verified_yes,https://www.mgt.ntnu.edu.tw/en/ba-etp-admissions,The current BA-ETP admissions page explicitly recruits international applicants and publishes its admission requirements.,2026-08-22
prog_tw_028,verified_yes,https://taipeitech.oia.ntut.edu.tw/foreign/index/index/lang/en,"Taipei Tech provides a current international degree-student application system, and the CSIE department maintains an international-student admission route.",2026-08-22
prog_tw_029,verified_yes,https://taipeitech.oia.ntut.edu.tw/foreign/index/index/lang/en,The current Electronic Engineering B.S. page explicitly directs international applicants to Taipei Tech's international degree-student system.,2026-08-22
prog_tw_030,verified_yes,https://taipeitech.oia.ntut.edu.tw/foreign/index/index/lang/en,The current IEM B.S. programme page contains an International admission route through Taipei Tech OIA.,2026-08-22
prog_tw_031,verified_yes,https://adms.tku.edu.tw/Front/ForeignStudent/foreignstudentstku/admissionthefallclass/Page.aspx?id=3GJ0s4TB73E%3D,"Tamkang University's current 2026-2027 international-student admission route accepts Bachelor applications, and the programme is listed as an English-taught Bachelor.",2026-08-22
prog_tw_032,verified_yes,https://adms.tku.edu.tw/Front/ForeignStudent/foreignstudentstku/admissionthefallclass/Page.aspx?id=3GJ0s4TB73E%3D,Current Tamkang international admission route supports Bachelor applicants and the English Department maintains an English-taught Bachelor programme.,2026-08-22
prog_tw_033,verified_yes,https://adms.tku.edu.tw/Front/ForeignStudent/foreignstudentstku/admissionthefallclass/Page.aspx?id=3GJ0s4TB73E%3D,Current 2026-2027 foreign-student Bachelor admission and the official international programme list support international applicants.,2026-08-22
prog_tw_034,verified_yes,https://admission.nsysu.edu.tw/Member/index,The current Fall 2026 / Spring 2027 Electrical Engineering admission page is explicitly for international Bachelor applicants.,2026-08-22
prog_tw_035,verified_yes,https://admission.nsysu.edu.tw/Member/index,The NSYSU CSE international admission page explicitly accepts foreign applicants to its undergraduate Bachelor programme.,2026-08-22
prog_tw_036,verified_yes,https://admission.nsysu.edu.tw/Member/index,The current 2026-2027 international admission guide explicitly lists the International Business Bachelor Program.,2026-08-22
prog_tw_037,verified_yes,https://oia.ccu.edu.tw/p/412-1008-1828.php?Lang=en,CCU's official international-admission programme information identifies this department at Bachelor level.,2026-08-22
prog_tw_038,verified_yes,https://oia.ccu.edu.tw/p/412-1008-1828.php?Lang=en,CCU's current international admission programme information explicitly lists Finance at Bachelor level.,2026-08-22
prog_tw_039,verified_yes,https://oia.ccu.edu.tw/p/412-1008-1828.php?Lang=en,Current CCU international-admission programme information explicitly lists Information Management at Bachelor level.,2026-08-22
prog_tw_040,verified_yes,https://oia.ntou.edu.tw/p/412-1022-7231.php?Lang=en,NTOU's current international admission information lists Food Science as available at Bachelor level.,2026-08-22
prog_tw_041,verified_yes,https://oia.ntou.edu.tw/p/412-1022-7231.php?Lang=en,NTOU's official international admission list marks Aquaculture as available at Bachelor level.,2026-08-22
prog_tw_042,verified_yes,https://oia.ntou.edu.tw/p/412-1022-7231.php?Lang=en,NTOU's official international admission list marks Computer Science and Engineering as available at Bachelor level.,2026-08-22
prog_tw_043,verified_yes,https://oia.ndhu.edu.tw/p/412-1027-21529.php?Lang=en,NDHU's current 2026 Fall international admission guide lists the Bachelor Program of Management Science and Finance.,2026-08-22
prog_tw_044,verified_yes,https://oia.ndhu.edu.tw/p/412-1027-21529.php?Lang=en,The current NDHU admission guide explicitly lists the International Bachelor track in CSIE.,2026-08-22
prog_tw_045,verified_yes,https://oia.ndhu.edu.tw/p/412-1027-21529.php?Lang=en,NDHU's current international admission guide lists the Bachelor Degree Program of Data Science.,2026-08-22
prog_tw_046,verified_yes,https://rinteradmission.nuk.edu.tw/,NUK's official international admission material lists Electrical Engineering as a Bachelor programme available to international applicants.,2026-08-22
prog_tw_047,verified_yes,https://rinteradmission.nuk.edu.tw/,NUK's official international admission material lists CSIE at Bachelor level.,2026-08-22
prog_tw_048,verified_yes,https://rinteradmission.nuk.edu.tw/,NUK's official international admission material lists Asia-Pacific Industrial and Business Management at Bachelor level.,2026-08-22
prog_tw_049,verified_yes,https://oia.nkust.edu.tw/en/news_det-149.html,NKUST's official 2026 Fall Bachelor international admission list contains accepted applicants to the Department of International Management.,2026-08-22
prog_tw_050,verified_yes,https://oia.nkust.edu.tw/en/news_det-149.html,The official 2026 Fall Bachelor admission list contains accepted foreign applicants to Logistics Management.,2026-08-22
prog_tw_051,verified_yes,https://oia.nkust.edu.tw/en/news_det-149.html,NKUST's official 2026 Fall Bachelor admission results contain accepted international applicants to Business Management.,2026-08-22
prog_tw_052,verified_yes,https://admissions-oia.yuntech.edu.tw/intladmission/index/index/applyIntladmissionSn/68,YunTech's official 2026 Fall foreign student guide includes the Department of Computer Science and Information Engineering at Bachelor level.,2026-08-22
prog_tw_053,verified_yes,https://admissions-oia.yuntech.edu.tw/intladmission/index/index/applyIntladmissionSn/68,The current 2026 Fall international admission guide lists Industrial Engineering and Management at Bachelor level.,2026-08-22
prog_tw_054,verified_yes,https://admissions-oia.yuntech.edu.tw/intladmission/index/index/applyIntladmissionSn/68,YunTech's current 2026 Fall guide lists Business Administration at Bachelor level.,2026-08-22
prog_tw_055,verified_yes,https://courseeng.npust.edu.tw/Admission/,"NPUST's current international admission system accepts Bachelor applicants, and the current OIA programme list identifies this department at Bachelor level.",2026-08-22
prog_tw_056,verified_yes,https://courseeng.npust.edu.tw/Admission/,NPUST's current international admission information lists Aquaculture at Bachelor level.,2026-08-22
prog_tw_057,verified_yes,https://courseeng.npust.edu.tw/Admission/,"NPUST's current international admission guidance explicitly provides a Bachelor admission language requirement for Veterinary Medicine, confirming foreign Bachelor eligibility.",2026-08-22
prog_tw_058,verified_yes,https://enroll.nuu.edu.tw/p/405-1065-76354%2Cc735.php,"NUU's official Academic Year 2026 International Student Admission Brochure provides the foreign-student application route, while the EE department confirms its undergraduate programme.",2026-08-22
prog_tw_059,verified_yes,https://enroll.nuu.edu.tw/p/405-1065-76354%2Cc735.php,NUU has a current 2026 international admission brochure and CSIE confirms an active undergraduate programme.,2026-08-22
prog_tw_060,verified_yes,https://enroll.nuu.edu.tw/p/405-1065-76354%2Cc735.php,NUU's current 2026 international admission route supports degree-seeking foreign students and the university maintains the Business Management undergraduate programme.,2026-08-22
prog_tw_061,verified_yes,https://cms-carrier.ntpu.edu.tw/uploads/114_NTPU_Admission_Brochure_Spring_semester_2026_1_628562954d.pdf,NTPU's official international-student admission brochure lists this programme as open at Bachelor level.,2026-08-22
prog_tw_062,verified_yes,https://cms-carrier.ntpu.edu.tw/uploads/114_NTPU_Admission_Brochure_Spring_semester_2026_1_628562954d.pdf,NTPU international admission material lists Business Administration as open to international Bachelor applicants.,2026-08-22
prog_tw_063,verified_yes,https://cms-carrier.ntpu.edu.tw/uploads/114_NTPU_Admission_Brochure_Spring_semester_2026_1_628562954d.pdf,NTPU's international-student brochure lists the Department of Statistics as available at Bachelor level.,2026-08-22
prog_tw_064,verified_yes,https://idsaoie.fju.edu.tw/,FJCU's current Fall 2026 foreign-student admission materials explicitly provide Bachelor admission to the Department of English Language and Literature.,2026-08-22
prog_tw_065,verified_yes,https://idsaoie.fju.edu.tw/,The current FJCU foreign-student admission brochure includes CSIE at Bachelor level.,2026-08-22
prog_tw_066,verified_yes,https://idsaoie.fju.edu.tw/,FJCU's current Fall 2026 international admission materials and admission results explicitly include this Bachelor programme.,2026-08-22
prog_tw_067,unknown,,"The current programme identity and its international learning environment are verified, but an explicit current programme-level first-year foreign-degree admission route was not sufficiently verified in this pass.",2026-08-22
prog_tw_068,unknown,,"Current FCU sources verify the Bachelor programme, but explicit current programme-level international first-year eligibility was not sufficiently verified.",2026-08-22
prog_tw_069,unknown,,Current FCU curriculum information verifies this Bachelor programme. Programme-level current foreign-degree eligibility remains unresolved.,2026-08-22
prog_tw_070,verified_yes,https://exam2.thu.edu.tw/EXAM/index.jsp?DOC=25,Tunghai's current 2026 international degree-student brochure lists the Computer Science International Division at Bachelor level.,2026-08-22
prog_tw_071,verified_yes,https://exam2.thu.edu.tw/EXAM/index.jsp?DOC=25,Current Tunghai international admission brochure lists this programme at Bachelor level.,2026-08-22
prog_tw_072,verified_yes,https://exam2.thu.edu.tw/EXAM/index.jsp?DOC=25,Current Tunghai international admission brochure lists the International Business Global Elite Program at Bachelor level.,2026-08-22
prog_tw_073,verified_yes,https://web-en.scu.edu.tw/entrance/web_page/460,Soochow's current 2026 international admission prospectus includes the Department of Data Science at Bachelor level.,2026-08-22
prog_tw_074,verified_yes,https://web-en.scu.edu.tw/entrance/web_page/460,Current Soochow international admission materials and department admissions information support international Bachelor applicants.,2026-08-22
prog_tw_075,verified_yes,https://web-en.scu.edu.tw/entrance/web_page/460,The Department of International Business links directly to Soochow's current 2026 international-student admission prospectus.,2026-08-22
prog_tw_076,verified_yes,https://ogeadmission.tmu.edu.tw/foreign/index/index/applyForeignSn/112,TMU's official Fall 2026 undergraduate international admission system accepts international applicants.,2026-08-22
prog_tw_077,verified_yes,https://ogeadmission.tmu.edu.tw/foreign/index/index/applyForeignSn/112,TMU Fall 2026 international undergraduate admissions support foreign applicants and the School of Public Health maintains an undergraduate programme.,2026-08-22
prog_tw_078,verified_yes,https://ogeadmission.tmu.edu.tw/foreign/index/index/applyForeignSn/112,TMU's Fall 2026 international undergraduate admission route supports international applicants.,2026-08-22
prog_tw_079,verified_yes,https://cmucia.cmu.edu.tw/english/admission_international.html,China Medical University's current Fall 2026 / Spring 2027 international student admission guide lists Pharmacy at Bachelor level.,2026-08-22
prog_tw_080,verified_yes,https://cmucia.cmu.edu.tw/english/admission_international.html,Current CMU international admission guide lists the Department of Physical Therapy at Bachelor level.,2026-08-22
prog_tw_081,verified_yes,https://cmucia.cmu.edu.tw/english/admission_international.html,Current CMU Fall 2026 / Spring 2027 international admission guide lists Nutrition at Bachelor level.,2026-08-22
prog_tw_082,verified_yes,https://www.cgu.edu.tw/recruit_intl,CGU's current international application portal exposes this Bachelor programme directly to international applicants.,2026-08-22
prog_tw_083,verified_yes,https://www.cgu.edu.tw/recruit_intl,Current CGU international application portal lists this Bachelor programme for international students.,2026-08-22
prog_tw_084,verified_yes,https://www.cgu.edu.tw/recruit_intl,Current CGU application portal exposes Biomedical Engineering Bachelor admission to international students.,2026-08-22
prog_tw_085,verified_yes,https://gao.yzu.edu.tw/index.php/en/admission/international-degree-student,YZU's current application system explicitly offers this Bachelor programme to International Student applicants.,2026-08-22
prog_tw_086,verified_yes,https://gao.yzu.edu.tw/index.php/en/admission/international-degree-student,YZU's current international-degree application system exposes this Bachelor programme to international student applicants.,2026-08-22
prog_tw_087,verified_yes,https://gao.yzu.edu.tw/index.php/en/admission/international-degree-student,YZU's current application page explicitly accepts International Student applicants for this Bachelor programme.,2026-08-22
prog_tw_088,verified_yes,https://oia.cycu.edu.tw/wp-content/uploads/115%E5%A4%96%E5%9C%8B%E5%AD%B8%E7%94%9F%E7%A7%8B%E5%AD%A3%E7%8F%AD%E5%85%A5%E5%AD%B8%E7%94%B3%E8%AB%8B%E7%B0%A1%E7%AB%A0251104%E6%9B%B4%E6%96%B0.pdf,CYCU's current 2026 foreign-student admission brochure lists Business Administration among undergraduate programmes open to foreign students.,2026-08-22
prog_tw_089,verified_yes,https://oia.cycu.edu.tw/wp-content/uploads/115%E5%A4%96%E5%9C%8B%E5%AD%B8%E7%94%9F%E7%A7%8B%E5%AD%A3%E7%8F%AD%E5%85%A5%E5%AD%B8%E7%94%B3%E8%AB%8B%E7%B0%A1%E7%AB%A0251104%E6%9B%B4%E6%96%B0.pdf,CYCU's 2026 international-student admission brochure explicitly lists International Business at undergraduate level.,2026-08-22
prog_tw_090,verified_yes,https://oia.cycu.edu.tw/wp-content/uploads/115%E5%A4%96%E5%9C%8B%E5%AD%B8%E7%94%9F%E7%A7%8B%E5%AD%A3%E7%8F%AD%E5%85%A5%E5%AD%B8%E7%94%B3%E8%AB%8B%E7%B0%A1%E7%AB%A0251104%E6%9B%B4%E6%96%B0.pdf,CYCU's current foreign-student brochure explicitly lists this programme in the English-taught undergraduate section.,2026-08-22
